"Name","StartYear","EndYear","StartDate","EndDate","Tenure","Term","CapitalCity","CapitalCode","Country","CountryCode","Fate","Ethnicity","Marriage"
"Yunus Pasha",1517,1517,"January 22, 1517","1517.0",0.27,1,"Cairo",0,"Egypt",4,"Willful Violent Removal","Non-Turkish","Yes"
"Hayir Bey",1517,1522,"August 31, 1517","October 5, 1522",5.08,1,"Cairo",0,"Egypt",4,"Non-violent Fate","Non-Turkish","No"
"Çoban Mustafa Pasha",1522,1523,"1522.0","1523.0",1,1,"Cairo",0,"Egypt",4,"Killed in Battle","Non-Turkish","No"
"Güzelce Kasim Pasha (1st)",1523,1523,"1523.0","1523.0",0.5,1,"Cairo",0,"Egypt",4,"Non-violent Fate","Non-Turkish","No"
"Hain Ahmed Pasha",1523,1524,"1523.0","1524.0",1,1,"Cairo",0,"Egypt",4,"Willful Violent Removal","Non-Turkish","No"
"Güzelce Kasim Pasha (2nd)",1524,1525,"1524.0","1525.0",1,2,"Cairo",0,"Egypt",4,"Non-violent Fate","Non-Turkish","No"
"Pargali Ibrahim Pasha",1525,1525,"1525.0","1525.0",0.25,1,"Cairo",0,"Egypt",4,"Willful Violent Removal","Non-Turkish","Yes"
"Hadim Süleyman Pasha (1st)",1525,1535,"1525.0","1535.0",10,1,"Cairo",0,"Egypt",4,"Unknown","Non-Turkish","No"
"Divane Hüsrev Pasha [tr]",1535,1537,"1535.0","1537.0",2,1,"Cairo",0,"Egypt",4,"Non-violent Fate","Non-Turkish","Yes"
"Hadim Süleyman Pasha (2nd)",1537,1538,"1537.0","1538.0",1,2,"Cairo",0,"Egypt",4,"Unknown","Non-Turkish","No"
"Davud Pasha",1538,1549,"April 1538","September 1549",11.5,1,"Cairo",0,"Egypt",4,"Non-violent Fate","Unknown","No"
"Lala Kara Mustafa Pasha",1549,1549,"1549.0","1549.0",0.25,1,"Cairo",0,"Egypt",4,"Non-violent Fate","Non-Turkish","Yes"
"Semiz Ali Pasha",1549,1553,"1549.0","1553.0",4,1,"Cairo",0,"Egypt",4,"Non-violent Fate","Non-Turkish","No"
"Dukakinzade Mehmed Pasha",1554,1556,"End 1553/beginning of 1554","February 1556",2.17,1,"Cairo",0,"Egypt",4,"Non-violent Fate/Willful Violent Removal","Non-Turkish","Yes"
"Iskender Pasha",1556,1559,"1556.0","1559.0",3,1,"Cairo",0,"Egypt",4,"Unknown","Unknown","No"
"Sofu Hadim Ali Pasha",1559,1560,"1559.0","1560.0",1,1,"Cairo",0,"Egypt",4,"Non-violent Fate","Unknown","No"
"Kara Sahin Mustafa Pasha",1563,1566,"1562/1563","1565/1566",3,1,"Cairo",0,"Egypt",4,"Non-violent Fate","Unknown","Yes"
"Müezzinzade Ali Pasha",1563,1566,"1563.0","1566.0",3,1,"Cairo",0,"Egypt",4,"Killed in Battle","Turkish","Yes"
"Mahmud Pasha",1566,1567,"1566.0","1567.0",1,1,"Cairo",0,"Egypt",4,"Willful Violent Removal","Non-Turkish","No"
"Koca Sinan Pasha (1st)",1567,1569,"1567.0","1569.0",2,1,"Cairo",0,"Egypt",4,"Non-violent Fate","Non-Turkish","No"
"Çerkes Iskender Pasha",1568,1571,"November 1568","June 1571",2.67,1,"Cairo",0,"Egypt",4,"Non-violent Fate","Non-Turkish","No"
"Koca Sinan Pasha (2nd)",1571,1573,"June 1571","1573.0",1.5,2,"Cairo",0,"Egypt",4,"Non-violent Fate","Non-Turkish","No"
"Hüseyin Pasha Boljanic",1573,1574,"1573.0","1574.0",1,1,"Cairo",0,"Egypt",4,"Non-violent Fate","Non-Turkish","No"
"Hadim Mesih Pasha",1574,1580,"1574.0","1580.0",6,1,"Cairo",0,"Egypt",4,"Non-violent Fate","Non-Turkish","No"
"Hadim Hasan Pasha",1580,1583,"June/July 1580","1583.0",2.5,1,"Cairo",0,"Egypt",4,"Willful Violent Removal","Non-Turkish","No"
"Damat Ibrahim Pasha",1583,1585,"1583.0","1585.0",2,1,"Cairo",0,"Egypt",4,"Non-violent Fate","Non-Turkish","Yes"
"Defterdar Sinan Pasha",1584,1587,"1584.0","April 1587",3.33,1,"Cairo",0,"Egypt",4,"Non-violent Fate","Unknown","No"
"Kara Üveys Pasha [de]",1588,1590,"1588.0","1590.0",2,1,"Cairo",0,"Egypt",4,"Non-violent Fate","Turkish","Yes"
"Hadim Hafiz Ahmed Pasha",1590,1594,"1590.0","1594.0",4,1,"Cairo",0,"Egypt",4,"Non-violent Fate","Unknown","No"
"Kurd Mehmed Pasha",1594,1596,"1594.0","April 1596",2.25,1,"Cairo",0,"Egypt",4,"Non-violent Fate","Unknown","No"
"Emir Mehmed Pasha",1596,1598,"1596.0","1598.0",2,1,"Cairo",0,"Egypt",4,"Unknown","Unknown","No"
"Hasan Pasa (Yemenli)",1596,1598,"March 1596","July 1598",2.33,1,"Cairo",0,"Egypt",4,"Willful Violent Removal","Non-Turkish","No"
"Hizir Pasha",1598,1601,"1598.0","1601.0",3,NA,"Cairo",0,"Egypt",4,"Unknown","Unknown","Yes"
"Yavuz Ali Pasha",1601,1603,"1601.0","1603.0",2,1,"Cairo",0,"Egypt",4,"Non-violent Fate","Unknown","No"
"Maktul Haci Ibrahim Pasha",1604,1604,"1604.0","1604.0",0.5,1,"Cairo",0,"Egypt",4,"Willful Violent Removal","Unknown","No"
"Hadim Mehmed Pasha",1604,1605,"1604.0","1605.0",1,1,"Cairo",0,"Egypt",4,"Unknown","Non-Turkish","No"
"Yemenli Hasan Pasha",1605,1608,"25 June 1605","1608.0",3,1,"Cairo",0,"Egypt",4,"Non-violent Fate","Non-Turkish","No"
"Öküz Mehmed Pasha",1607,1611,"1607.0","1611.0",4,1,"Cairo",0,"Egypt",4,"Willful Violent Removal","Unknown","Yes"
"Sofu Mehmed Pasha",1611,1615,"1611.0","February 1615",4.17,1,"Cairo",0,"Egypt",4,"Non-violent Fate","Non-Turkish","No"
"Nisanci Ahmed Pasha (1st)",1615,1617,"1615.0","December 1617",3,1,"Cairo",0,"Egypt",4,"Non-violent Fate","Turkish","No"
"Lefkeli Mustafa Pasha",1618,1618,"1618.0","1618.0",0.5,1,"Cairo",0,"Egypt",4,"Non-violent Fate","Non-Turkish","No"
"Cafer Pasha",1618,1619,"1618.0","1619.0",1,1,"Cairo",0,"Egypt",4,"Non-violent Fate","Non-Turkish","No"
"Hamidi Mustafa Pasha",1619,1620,"20 July 1619","July 1620",1,1,"Cairo",0,"Egypt",4,"Killed in Battle","Unknown","No"
"Mere Hüseyin Pasha",1620,1622,"July 1620","April 1622",1.83,1,"Cairo",0,"Egypt",4,"Non-violent Fate","Non-Turkish","No"
"Biber Mehmed Pasha",1622,1622,"1622.0","1622.0",0.5,1,"Cairo",0,"Egypt",4,"Willful Violent Removal","Non-Turkish","No"
"Silahdar Ibrahim Pasha",1622,1623,"1622.0","1623.0",1,1,"Cairo",0,"Egypt",4,"Non-violent Fate","Unknown","No"
"Kara Mustafa Pasha (1st)",1623,1623,"20 July 1623","9 October 1623",0.22,1,"Cairo",0,"Egypt",4,"Non-violent Fate","Unknown","No"
"Çesteci Ali Pasha",1623,1623,"1623.0","1623.0",0.5,1,"Cairo",0,"Egypt",4,"Willful Violent Removal","Unknown","No"
"Kara Mustafa Pasha (2nd)",1624,1626,"12 February 1624","16 May 1626",2.26,2,"Cairo",0,"Egypt",4,"Willful Violent Removal","Unknown","Yes"
"Bayram Pasha",1626,1628,"1626.0","1628.0",2,1,"Cairo",0,"Egypt",4,"Non-violent Fate","Non-Turkish","Yes"
"Tabaniyassi Mehmed Pasha",1628,1630,"September 1628","October 1630",2.17,1,"Cairo",0,"Egypt",4,"Non-violent Fate/Willful Violent Removal","Non-Turkish","No"
"Koca Musa Pasha",1630,1631,"1630.0","1631.0",1,1,"Cairo",0,"Egypt",4,"Killed in Battle","Non-Turkish","No"
"Halil Pasha",1631,1633,"1631.0","1633.0",2,1,"Cairo",0,"Egypt",4,"Non-violent Fate","Unknown","No"
"Bakirci Ahmed Pasha",1633,1635,"1633.0","1635.0",2,1,"Cairo",0,"Egypt",4,"Willful Violent Removal","Turkish","No"
"Gazi Hüseyin Pasha",1635,1637,"1635.0","1637.0",2,1,"Cairo",0,"Egypt",4,"Non-violent Fate","Turkish","No"
"Sultanzade Mehmed Pasha",1637,1640,"1637.0","1640.0",3,1,"Cairo",0,"Egypt",4,"Non-violent Fate","Unknown","No"
"Nakkas Mustafa Pasha",1640,1642,"1640.0","1642.0",2,1,"Cairo",0,"Egypt",4,"Unknown","Unknown","Yes"
"Maksud Pasha",1642,1644,"October 3, 1642","21 April 1644",1.55,1,"Cairo",0,"Egypt",4,"Willful Violent Removal","Unknown","No"
"Eyüb Pasha",1644,1646,"22 April 1644","5 April 1646",1.95,1,"Cairo",0,"Egypt",4,"Non-violent Fate","Unknown","No"
"Haydarzade Mehmed Pasha",1646,1647,"March/April 1646","August 1647?",1.33,1,"Cairo",0,"Egypt",4,"Willful Violent Removal","Unknown","No"
"Mostarli Mustafa Pasha",1647,1647,"August 1647","December 1647",0.33,1,"Cairo",0,"Egypt",4,"Non-violent Fate","Non-Turkish","No"
"Serif Mehmed Pasa (Seyyid) (Ku¨çu¨k Çavus)",1648,1649,"January 1648","Aug 1649",1.58,1,"Cairo",0,"Egypt",4,"Non-violent Fate","Unknown","No"
"Tarhoncu Ahmed Pasha",1648,1651,"1648.0","1651.0",3,1,"Cairo",0,"Egypt",4,"Willful Violent Removal","Non-Turkish","No"
"Hadim Abdurrahman Pasha",1651,1652,"1651.0","1652.0",1,1,"Cairo",0,"Egypt",4,"Non-violent Fate","Unknown","No"
"Haseki Mehmed Pasha",1652,1656,"September 9, 1652","May 1656",3.64,1,"Cairo",0,"Egypt",4,"Non-violent Fate","Unknown","No"
"Mustafa Pasa (Kara) (Firari)",1656,1656,"May 1656","June 1656",0.08,1,"Cairo",0,"Egypt",4,"Non-violent Fate","Unknown","Yes"
"Halici Damadi Mustafa Pasha",1656,1657,"June 1656","June/July 1657",1,1,"Cairo",0,"Egypt",4,"Non-violent Fate","Unknown","No"
"Sehsuvarzade Gazi Mehmed Pasha",1657,1660,"1657.0","1660.0",3,1,"Cairo",0,"Egypt",4,"Non-violent Fate","Non-Turkish","No"
"Gürcü Mustafa Pasha",1660,1661,"June 1660","May 1661",1,1,"Cairo",0,"Egypt",4,"Non-violent Fate","Non-Turkish","No"
"Melek Ibrahim Pasha [tr]",1661,1664,"1661.0","1664.0",3,1,"Cairo",0,"Egypt",4,"Willful Violent Removal","Turkish","Yes"
"Silahdar Ömer Pasha",1664,1667,"1664.0","1667.0",3,NA,"Cairo",0,"Egypt",4,"Unknown","Unknown","No"
"Sisman Ibrahim Pasha",1667,1668,"February 1667","November 1668",1.83,1,"Cairo",0,"Egypt",4,"Non-violent Fate","Unknown","Yes"
"Karakas Ali Pasha",1668,1669,"October 1668","1669.0",1.25,1,"Cairo",0,"Egypt",4,"Unknown","Unknown","No"
"Bayburtlu Kara Ibrahim Pasha",1669,1673,"1669.0","1673.0",4,1,"Cairo",0,"Egypt",4,"Unknown","Unknown","No"
"Canpuladzade Hüseyin Pasha",1673,1675,"9 June 1673","16 May 1675",1.94,1,"Cairo",0,"Egypt",4,"Non-violent Fate","Unknown","No"
"Cebeci Ahmed Pasha",1675,1676,"1675.0","1676.0",1,1,"Cairo",0,"Egypt",4,"Non-violent Fate","Turkish","No"
"Abdi Pasha the Albanian",1676,1680,"1676 / SO: Mar/Apr 1679","1680 / SO: May/Jun 1681",4,1,"Cairo",0,"Egypt",4,"Killed in Battle","Non-Turkish","No"
"Osman Pasha the Bosnian",1680,1683,"1680.0","1683.0",3,1,"Cairo",0,"Egypt",4,"Killed in Battle","Non-Turkish","Yes"
"Hamza Pasha",1684,1687,"January 1684","1687.0",4,1,"Cairo",0,"Egypt",4,"Non-violent Fate","Unknown","Yes"
"Mollacik Hasan Pasha",1687,1687,"1687.0","1687.0",0.5,1,"Cairo",0,"Egypt",4,"Non-violent Fate","Non-Turkish","No"
"Damat Hasan Pasha (1st)",1687,1689,"1687.0","1689.0",2,1,"Cairo",0,"Egypt",4,"Unknown","Non-Turkish","Yes"
"Abdi Pasa (Abdurrahman)",1688,1689,"1688.0","1689.0",1,2,"Cairo",0,"Egypt",4,"Non-violent Fate","Turkish","No"
"Sarhos Ahmed Pasha",1690,1691,"1690.0","April 1691",1.33,1,"Cairo",0,"Egypt",4,"Non-violent Fate","Non-Turkish","No"
"Hazinedar Morali Ali Pasha (1st)",1691,1691,"1691.0","1691/1692",1,1,"Cairo",0,"Egypt",4,"Non-violent Fate","Unknown","Yes"
"Ali Pasa (Tu¨rk)",1690,1694,"Oct 1690","1694.0",4.25,1,"Cairo",0,"Egypt",4,"Non-violent Fate","Turkish","No"
"Hazinedar Morali Ali Pasha (2nd)",1694,1695,"September 1694","1695/1696",1,2,"Cairo",0,"Egypt",4,"Non-violent Fate","Unknown","Yes"
"Çelebi Ismail Pasha",1695,1697,"Oct 1695","Sep 1697",1.83,1,"Cairo",0,"Egypt",4,"Willful Violent Removal","Unknown","No"
"Kesici Hasan Pasha",1697,1698,"Oct/Nov 1697","1698.0",0.17,1,"Cairo",0,"Egypt",4,"Non-violent Fate","Non-Turkish","Yes"
"Firari Hüseyin Pasha",1698,1699,"1698.0","1699.0",1,1,"Cairo",0,"Egypt",4,"Non-violent Fate","Non-Turkish","Yes"
"Kara Mehmed Pasha (1st)",1699,1704,"1699.0","1704.0",5,1,"Cairo",0,"Egypt",4,"Non-violent Fate","Turkish","Yes"
"Baltaci Süleyman Pasha",1704,1704,"May 1704","1704.0",0,1,"Cairo",0,"Egypt",4,"Non-violent Fate","Unknown","No"
"Rami Mehmed Pasha",1704,1706,"1704.0","1706.0",2,1,"Cairo",0,"Egypt",4,"Non-violent Fate","Turkish","No"
"Dellak Ali Pasha (1st)",1706,1707,"August 1706","1707.0",0.33,1,"Cairo",0,"Egypt",4,"Non-violent Fate","Unknown","No"
"Hu¨seyin Pasa",1706,1707,"Aug 1706","Sep 1707",1.08,1,"Cairo",0,"Egypt",4,"Non-violent Fate","Unknown","No"
"Damat Hasan Pasha (2nd)",1707,1709,"1707.0","1709.0",2,2,"Cairo",0,"Egypt",4,"Non-violent Fate","Non-Turkish","Yes"
"Morali Ibrahim Pasha",1709,1710,"1709.0","1710.0",1,1,"Cairo",0,"Egypt",4,"Non-violent Fate","Unknown","No"
"Köse Halil Pasha",1710,1711,"1710.0","1711.0",1,1,"Cairo",0,"Egypt",4,"Willful Violent Removal","Unknown","No"
"Veli Mehmed Pasha (1st)",1711,1712,"1711.0","1712.0",1,1,"Cairo",0,"Egypt",4,"Unknown","Unknown","No"
"Kara Mehmed Pasha (2nd)",1712,1712,"1712.0","1712.0",0.5,2,"Cairo",0,"Egypt",4,"Non-violent Fate","Turkish","Yes"
"Veli Mehmed Pasha (2nd)",1712,1714,"1712.0","1714.0",2,2,"Cairo",0,"Egypt",4,"Willful Violent Removal","Unknown","No"
"Abdi Pasha (1st)",1714,1716,"1714.0","1716.0",2,1,"Cairo",0,"Egypt",4,"Unknown","Unknown","No"
"Dellak Ali Pasha (2nd)",1717,1720,"1717.0","May 1720",3.42,2,"Cairo",0,"Egypt",4,"Willful Violent Removal","Unknown","No"
"Recep Pasha",1720,1721,"1720.0","1721.0",1,1,"Cairo",0,"Egypt",4,"Non-violent Fate","Non-Turkish","No"
"Nisanci Mehmed Pasha [tr] (1st)",1721,1725,"1721.0","1725.0",4,1,"Cairo",0,"Egypt",4,"Willful Violent Removal","Non-Turkish","No"
"Morali Ali Pasha",1725,1726,"1725.0","1726.0",1,1,"Cairo",0,"Egypt",4,"Unknown","Unknown","No"
"Nisanci Mehmed Pasha [tr] (2nd)",1726,1727,"1726.0","1727.0",1,2,"Cairo",0,"Egypt",4,"Non-violent Fate","Non-Turkish","No"
"Ebubekir Pasha (1st)",1727,1729,"1727.0","1729.0",2,1,"Cairo",0,"Egypt",4,"Non-violent Fate","Turkish","Yes"
"Abdi Pasha (2nd)",1729,1729,"1729.0","1729.0",0.5,2,"Cairo",0,"Egypt",4,"Unknown","Unknown","No"
"Köprülü Abdullah Pasha",1729,1731,"July 1729","July 1731",2.08,1,"Cairo",0,"Egypt",4,"Killed in Battle","Non-Turkish","Yes"
"Silahdar Damat Mehmed Pasha [tr]",1731,1733,"July 1731","1733.0",2.5,1,"Cairo",0,"Egypt",4,"Non-violent Fate","Non-Turkish","No"
"Muhassil Osman Pasha",1733,1735,"1733.0","1735.0",2,1,"Cairo",0,"Egypt",4,"Non-violent Fate","Non-Turkish","No"
"Ebubekir Pasha (2nd)",1735,1739,"1735.0","1739.0",4,2,"Cairo",0,"Egypt",4,"Willful Violent Removal","Turkish","Yes"
"Sulayman Pasha al-Azm",1739,1740,"1739.0","1740.0",1,1,"Cairo",0,"Egypt",4,"Non-violent Fate","Turkish","No"
"Hekimoglu Ali Pasha (1st)",1740,1741,"1740.0","1741.0",1,1,"Cairo",0,"Egypt",4,"Non-violent Fate","Non-Turkish","Yes"
"Hatibzade Yahya Pasha",1741,1743,"1741.0","1743.0",2,1,"Cairo",0,"Egypt",4,"Non-violent Fate","Unknown","Yes"
"Yedekçi Mehmed Pasha",1743,1744,"2 April 1743","December 1744",1.75,1,"Cairo",0,"Egypt",4,"Non-violent Fate","Unknown","No"
"Koca Mehmed Ragip Pasha",1744,1748,"1744.0","1748.0",4,1,"Cairo",0,"Egypt",4,"Willful Violent Removal","Turkish","Yes"
"Ahmed Pasa (Sehla) (Kör)",1748,1748,"12 September 1748","19 September 1748",0.02,1,"Cairo",0,"Egypt",4,"Non-violent Fate","Turkish","No"
"Yegen Ali Pasha",1748,1748,"December 1748","December 1748",0,1,"Cairo",0,"Egypt",4,"Non-violent Fate","Unknown","Yes"
"Nisanci Ahmed Pasha (2nd)",1748,1751,"1748.0","1751.0",3,1,"Cairo",0,"Egypt",4,"Non-violent Fate","Turkish","No"
"Seyyid Abdullah Pasha",1751,1753,"1751.0","1753.0",2,1,"Cairo",0,"Egypt",4,"Non-violent Fate","Non-Turkish","No"
"Divitdar Mehmed Emin Pasha",1753,1753,"1753.0","1753.0",0.17,1,"Cairo",0,"Egypt",4,"Non-violent Fate","Unknown","No"
"Baltacizade Mustafa Pasha",1753,1755,"September 1753","October 1755",2.08,1,"Cairo",0,"Egypt",4,"Non-violent Fate","Unknown","No"
"Hekimoglu Ali Pasha (2nd)",1756,1757,"1756.0","1757.0",1,2,"Cairo",0,"Egypt",4,"Non-violent Fate","Non-Turkish","Yes"
"Sa'deddin Pasha al-Azm",1757,1757,"1757.0","1757.0",0.5,1,"Cairo",0,"Egypt",4,"Non-violent Fate","Unknown","No"
"Yirmisekizzade Mehmed Said Pasha",1757,1758,"1757.0","1758.0",1,1,"Cairo",0,"Egypt",4,"Unknown","Non-Turkish","Yes"
"Köse Bahir Mustafa Pasha (1st)",1758,1761,"11 June 1758","1761.0",2.5,1,"Cairo",0,"Egypt",4,"Non-violent Fate","Turkish","No"
"Kamil Ahmed Pasha",1760,1761,"June/July 1760","1761.0",0.5,1,"Cairo",0,"Egypt",4,"Non-violent Fate","Non-Turkish","Yes"
"Köse Bahir Mustafa Pasha (2nd)",1761,1762,"1761.0","1762.0",1,2,"Cairo",0,"Egypt",4,"Non-violent Fate","Turkish","No"
"Ebubekir Rasim Pasha",1762,1762,"1762.0","Jul/Aug 1762 (based on death date)",0.5,1,"Cairo",0,"Egypt",4,"Non-violent Fate","Turkish","Yes"
"Ahiskali Mehmed Pasha",1762,1764,"Aug 1762","1764.0",1.33,1,"Cairo",0,"Egypt",4,"Non-violent Fate/Willful Violent Removal","Turkish","Yes"
"Haci Ahmed Pasha",1764,1764,"1764.0","1764.0",0.5,1,"Cairo",0,"Egypt",4,"Non-violent Fate","Unknown","Yes"
"Macar Haci Hasan Pasha",1764,1765,"1764.0","1765.0",1,1,"Cairo",0,"Egypt",4,"Non-violent Fate","Non-Turkish","No"
"Silahdar Mahir Hamza Pasha [tr]",1765,1767,"1765.0","1767.0",2,1,"Cairo",0,"Egypt",4,"Non-violent Fate","Turkish","Yes"
"Çelebi Mehmed Pasha",1767,1767,"1767.0","1767.0",0,1,"Cairo",0,"Egypt",4,"Non-violent Fate","Unknown","No"
"Rakim Mehmed Pasha",1767,1768,"27 April 1767","June/July 1768",1.17,1,"Cairo",0,"Egypt",4,"Non-violent Fate","Unknown","Yes"
"Ali Bey Al-Kabir",1768,1769,"1768.0","1769.0",1,1,"Cairo",0,"Egypt",4,"Willful Violent Removal","Non-Turkish","No"
"Köprülü Hafiz Ahmed Pasha",1768,1769,"1768/1769","1769/1770",1,1,"Cairo",0,"Egypt",4,"Non-violent Fate","Unknown","Yes"
"Kelleci Osman Pasha",1769,1771,"1769.0","1771.0",2,1,"Cairo",0,"Egypt",4,"Non-violent Fate","Non-Turkish","No"
"Vekil Osman Pasha",1772,1773,"1772.0","1773.0",1,1,"Cairo",0,"Egypt",4,"Non-violent Fate","Unknown","No"
"Kara Halil Pasha",1773,1774,"1773.0","1774.0",1,1,"Cairo",0,"Egypt",4,"Non-violent Fate","Turkish","Yes"
"Haci Ibrahim Pasha",1774,1775,"1774.0","1775.0",1,1,"Cairo",0,"Egypt",4,"Unknown","Non-Turkish","No"
"Izzet Mehmed Pasha",1775,1778,"1775.0","15 July 1778",3.58,1,"Cairo",0,"Egypt",4,"Non-violent Fate","Unknown","No"
"Raif Ismail Pasha (1st)",1778,1779,"29 August 1778","1779.0",0.33,1,"Cairo",0,"Egypt",4,"Non-violent Fate","Turkish","Yes"
"Ibrahim Pasha",1779,1779,"1779.0","1779.0",0,1,"Cairo",0,"Egypt",4,"Non-violent Fate","Unknown","No"
"Raif Ismail Pasha (2nd)",1779,1780,"1779.0","1780.0",1,2,"Cairo",0,"Egypt",4,"Willful Violent Removal","Turkish","Yes"
"Ibrahim Bey (1st)",1780,1781,"1780.0","1781.0",1,1,"Cairo",0,"Egypt",4,"Non-violent Fate","Non-Turkish","No"
"Melek Mehmed Pasha [tr]",1781,1782,"1781.0","1782.0",1,1,"Cairo",0,"Egypt",4,"Non-violent Fate","Unknown","Yes"
"unknown",1782,1783,"1782.0","1783.0",1,NA,"Cairo",0,"Egypt",4,"Unknown","Unknown","No"
"Silahdar Mehmed Pasha [tr]",1783,1784,"1783.0","1784.0",1,1,"Cairo",0,"Egypt",4,"Non-violent Fate","Unknown","Yes"
"Murad Bey",1784,1785,"1784.0","1785.0",1,1,"Cairo",0,"Egypt",4,"Willful Violent Removal","Non-Turkish","No"
"Ibrahim Bey (2nd)",1784,1785,"1784.0","1785.0",1,2,"Cairo",0,"Egypt",4,"Non-violent Fate","Non-Turkish","No"
"Yegen Seyyid Mehmed Pasha [tr]",1785,1786,"1785.0","1786.0",1,1,"Cairo",0,"Egypt",4,"Non-violent Fate","Turkish","No"
"Cezayirli Gazi Hasan Pasha",1786,1787,"1786.0","1787.0",1,1,"Cairo",0,"Egypt",4,"Non-violent Fate","Non-Turkish","No"
"Keki Abdi Pasha (1st)",1787,1788,"1787.0","1788.0",1,1,"Cairo",0,"Egypt",4,"Non-violent Fate","Unknown","No"
"Ismail Pasha the Tripolitanian (1st)",1788,1789,"1788.0","1789.0",1,1,"Cairo",0,"Egypt",4,"Non-violent Fate","Non-Turkish","No"
"Keki Abdi Pasha (2nd)",1789,1789,"3 January 1789","30 January 1789",0.08,2,"Cairo",0,"Egypt",4,"Non-violent Fate","Unknown","No"
"Ismail Pasha the Tripolitanian (2nd)",1789,1791,"1789.0","1791.0",2,2,"Cairo",0,"Egypt",4,"Non-violent Fate","Non-Turkish","No"
"Safranbolulu Izzet Mehmet Pasha",1791,1794,"May 1791","September 1794",3.42,1,"Cairo",0,"Egypt",4,"Non-violent Fate","Turkish","Yes"
"Kayserili Haci Salih Pasha",1794,1796,"15 October 1794","7 June 1796",1.64,1,"Cairo",0,"Egypt",4,"Non-violent Fate","Turkish","Yes"
"Lokmaci Haci Ebubekir Pasha",1796,1798,"April 1796","1798/99",1.67,1,"Cairo",0,"Egypt",4,"Non-violent Fate","Unknown","No"
"Abdullah Pasha al-Azm",1798,1799,"Dec 1798","Jun 1799",0.5,1,"Cairo",0,"Egypt",4,"Non-violent Fate","Unknown","Yes"
"Nasuh Pasha al-Azm",1799,1801,"August 1799","1801.0",1.33,1,"Cairo",0,"Egypt",4,"Non-violent Fate","Unknown","Yes"
"Ebu Merak Mehmed Pasha",1801,1801,"1801.0","1801.0",0,1,"Cairo",0,"Egypt",4,"Willful Violent Removal","Non-Turkish","Yes"
"Koca Hüsrev Mehmed Pasha (1st)",1802,1803,"1802.0","1803.0",1,1,"Cairo",0,"Egypt",4,"Killed in Battle","Unknown","No"
"Tahir Pasha",1803,1803,"6 May 1803","1803.0",0.08,1,"Cairo",0,"Egypt",4,"Willful Violent Removal","Non-Turkish","No"
"Müftizade Ahmed Pasha",1803,1803,"1803.0","1803.0",0,1,"Cairo",0,"Egypt",4,"Willful Violent Removal","Unknown","No"
"Ibrahim Bey (3rd; concurrently)",1803,1804,"1803.0","1804.0",1,3,"Cairo",0,"Egypt",4,"Non-violent Fate","Non-Turkish","No"
"Trabluslu Ali Pasha (concurrently)",1803,1804,"1803.0","1804.0",1,1,"Cairo",0,"Egypt",4,"Willful Violent Removal","Non-Turkish","No"
"Koca Hüsrev Mehmed Pasha (2nd)",1804,1804,"1804.0","1804.0",0.01,2,"Cairo",0,"Egypt",4,"Non-violent Fate","Unknown","No"
"Hurshid Ahmed Pasha",1804,1805,"1804.0","1805.0",1,1,"Cairo",0,"Egypt",4,"Non-violent Fate","Non-Turkish","No"
"Muhammad Ali of Egypt",1805,1848,"1805.0","1848.0",43,1,"Cairo",0,"Egypt",4,"Non-violent Fate","Non-Turkish","Yes"
"Ramdane-Tchoulak Bey",1567,1574,"1567.0","1574.0",7,1,"Constantine",1,"Algeria",5,"Non-violent Fate","Ottoman","No"
"Djaafar Bey",1574,1588,"1574.0","1588.0",14,1,"Constantine",1,"Algeria",5,"Non-violent Fate","Ottoman","No"
"Mohammed Ben Ferhat Bey",1588,1608,"1588.0","1608.0",20,1,"Constantine",1,"Algeria",5,"Killed in Battle","Non-Turkish","No"
"Hassan Bey",1608,1622,"1608.0","1622.0",14,1,"Constantine",1,"Algeria",5,"Non-violent Fate","Ottoman","No"
"Mourad bey",1622,1647,"1622.0","1647.0",25,1,"Constantine",1,"Algeria",5,"Killed in Battle","Ottoman","Yes"
"Ferhat Bey",1647,1653,"1647.0","1653.0",6,1,"Constantine",1,"Algeria",5,"Non-violent Fate","Ottoman","Yes"
"Mohammed bey ben Ferhat",1653,1666,"1653.0","1666.0",13,1,"Constantine",1,"Algeria",5,"Willful Violent Removal","Ottoman","Yes"
"Redjeb bey ben Ferhat",1666,1672,"1666.0","1672.0",6,1,"Constantine",1,"Algeria",5,"Non-violent Fate","Ottoman","Yes"
"Kheir ed-din bey",1672,1676,"1672.0","1676.0",3,1,"Constantine",1,"Algeria",5,"Non-violent Fate","Unknown","Yes"
"Abd-el-Rahman Dali Bey",1676,1679,"1676.0","1679.0",3,1,"Constantine",1,"Algeria",5,"Willful Violent Removal","Ottoman","No"
"Omar ben Abd-el Rahman (known as Bash-Agha)",1679,1688,"1679.0","1688.0",9,1,"Constantine",1,"Algeria",5,"Non-violent Fate","Ottoman","No"
"Sid-Chaban bey",1688,1692,"1688.0","1692.0",4,1,"Constantine",1,"Algeria",5,"Non-violent Fate","Ottoman","No"
"Ali Khudja bey (known as El-Anteri)",1692,1700,"1692.0","1700.0",8,1,"Constantine",1,"Algeria",5,"Killed in Battle","Ottoman","No"
"Ahmed bey ben Ferhat",1700,1703,"1700.0","1703.0",3,1,"Constantine",1,"Algeria",5,"Willful Violent Removal","Turkish","No"
"Ibrahim bey El Euldj",1703,1707,"1703.0","1707.0",4,1,"Constantine",1,"Algeria",5,"Willful Violent Removal","Non-Turkish","No"
"Hamouda bey",1707,1708,"1707.0","1708.0",0.5,1,"Constantine",1,"Algeria",5,"Unknown","Non-Turkish","Yes"
"Ali bey ben Hamouda",1708,1708,"1708.0","1708.0",0.5,1,"Constantine",1,"Algeria",5,"Unknown","Non-Turkish","No"
"Hussein-Chaouch Bey",1709,1710,"1709.0","1710.0",1,1,"Constantine",1,"Algeria",5,"Unknown","Unknown","No"
"Abd-el Rahman ben Ferhat bey",1710,1710,"1710.0","1710.0",3,1,"Constantine",1,"Algeria",5,"Non-violent Fate","Turkish","No"
"Hossein (known as Denguezli) Bey",1710,1710,"1710.0","1710.0",0.33,1,"Constantine",1,"Algeria",5,"Unknown","Ottoman","No"
"Ali ben Sala bey",1710,1713,"1710.0","1713.0",0.33,1,"Constantine",1,"Algeria",5,"Non-violent Fate","Unknown","Yes"
"Kelian-Hussein (Known as Bou-Kemia)",1713,1736,"1713.0","1736.0",23,1,"Constantine",1,"Algeria",5,"Non-violent Fate","Ottoman","Yes"
"Hasssen Bey Ben Hussein (Known as Bou-Hanek)",1736,1754,"1736.0","1754.0",18,1,"Constantine",1,"Algeria",5,"Non-violent Fate","Ottoman","Yes"
"Hossein Bey (Known as Zereg-Ainou)",1754,1756,"1754.0","1756.0",2,1,"Constantine",1,"Algeria",5,"Non-violent Fate","Ottoman","Yes"
"Ahmed Bey Ben Ali (Known as El-Kolli)",1756,1771,"1756.0","1771.0",15,1,"Constantine",1,"Algeria",5,"Non-violent Fate","Ottoman","Yes"
"Salah Bey",1771,1792,"1771.0","1792.0",21,1,"Constantine",1,"Algeria",5,"Willful Violent Removal","Ottoman","Yes"
"Ibrahim Bey (Known as Bou Seba)",1792,1795,"1792.0","1795.0",3,1,"Constantine",1,"Algeria",5,"Willful Violent Removal","Ottoman","No"
"Hussein Bey ben Bou Hanek",1792,1792,"1792.0","1792.0",0.01,1,"Constantine",1,"Algeria",5,"Willful Violent Removal","Turkish","No"
"Moustapha ben Soliman El-Ouznadji",1795,1798,"1795.0","1798.0",3,1,"Constantine",1,"Algeria",5,"Willful Violent Removal","Ottoman","Yes"
"Hadj-Mustapha Ben Hossein-Ingliz",1798,1803,"1798.0","1803.0",5,1,"Constantine",1,"Algeria",5,"Non-violent Fate","Ottoman","Yes"
"Osman Bey Ben Mohammed, Koulougli",1803,1804,"1803.0","1804.0",1,1,"Constantine",1,"Algeria",5,"Killed in Battle","Turkish","No"
"Abd-Allah Bey Ben Ismail",1804,1806,"1804.0","1806.0",2,1,"Constantine",1,"Algeria",5,"Willful Violent Removal","Ottoman","Yes"
"Hussein bey ben Salah Bey",1806,1807,"1806.0","1807.0",1,1,"Constantine",1,"Algeria",5,"Willful Violent Removal","Turkish","No"
"Ali Ben Youssef Bey",1807,1808,"1807.0","1808.0",1,1,"Constantine",1,"Algeria",5,"Willful Violent Removal","Ottoman","No"
"Ahmed Chaouche, known as El-Kebayli",1808,1808,"1808.0","1808.0",3,1,"Constantine",1,"Algeria",5,"Willful Violent Removal","Ottoman","No"
"Ahmed Tobbal",1808,1811,"1808.0","1811.0",0.04,1,"Constantine",1,"Algeria",5,"Willful Violent Removal","Ottoman","No"
"Mohammed Naman bey Ben-Ali",1811,1814,"1811.0","1814.0",3,1,"Constantine",1,"Algeria",5,"Willful Violent Removal","Ottoman","Yes"
"Mohammed Tchakar bey",1814,1818,"1814.0","1818.0",4,1,"Constantine",1,"Algeria",5,"Willful Violent Removal","Ottoman","Yes"
"Kara Mustapha",1818,1818,"1818.0","1818.0",1,1,"Constantine",1,"Algeria",5,"Non-violent Fate","Ottoman","No"
"Ahmed Bey El Mamelouk Ben Abd-Allah",1818,1819,"1818.0","1819.0",0.5,1,"Constantine",1,"Algeria",5,"Non-violent Fate","Non-Turkish","No"
"Mohammed bey El-Mili Ben Daoud",1818,1818,"1818.0","1818.0",0.08,1,"Constantine",1,"Algeria",5,"Willful Violent Removal","Ottoman","No"
"Ibraham Bey El-Gharbi",1819,1820,"1819.0","1820.0",1,1,"Constantine",1,"Algeria",5,"Willful Violent Removal","Ottoman","No"
"Ahmed Bey El Mamelouk Ben Abd-Allah",1820,1822,"1820.0","1822.0",2,2,"Constantine",1,"Algeria",5,"Willful Violent Removal","Non-Turkish","No"
"Ibrahim Bey Ben Ali El-Critli",1822,1824,"1822.0","1824.0",2,1,"Constantine",1,"Algeria",5,"Willful Violent Removal","Ottoman","Yes"
"Mohammed Manamli",1824,1826,"1824.0","1826.0",2,1,"Constantine",1,"Algeria",5,"Non-violent Fate","Ottoman","No"
"Ahmed Bey",1826,1837,"1826.0","1837.0",11,1,"Constantine",1,"Algeria",5,"Willful Violent Removal","Turkish","Yes"
"Aroudji Barberousse",1515,1518,"1515.0","1518.0",3,1,"Algiers",3,"Algeria",5,"Killed in Battle","Unknown","No"
"Kheir-ed-Din",1518,1533,"1518.0","1533.0",15,1,"Algiers",3,"Algeria",5,"Unknown","Unknown","No"
"Hassan-Agha",1533,1534,"June 1533","April 6, 1534",0.83,1,"Algiers",3,"Algeria",5,"Unknown","Unknown","No"
"Hassan-Agha",1534,1542,"April 6, 1534","January 1542",6.75,1,"Algiers",3,"Algeria",5,"Unknown","Unknown","No"
"Hadim Hassan Pasha",1542,1544,"January 1542","January 1544",2,1,"Algiers",3,"Algeria",5,"Unknown","Unknown","No"
"Hadj Bashir Pasha",1544,1544,"January 1544","June 1544",0.5,1,"Algiers",3,"Algeria",5,"Unknown","Unknown","No"
"Hassan-ben-Kheir-ed-Din",1544,1551,"June 1544","September 1551",7.25,1,"Algiers",3,"Algeria",5,"Unknown","Unknown","No"
"Saffa-Halifé",1552,1552,"September1552","May 1552",0.67,1,"Algiers",3,"Algeria",5,"Unknown","Unknown","No"
"Salah-reïs",1552,1555,"1552.0","1555.0",3,1,"Algiers",3,"Algeria",5,"Unknown","Unknown","No"
"Hassan-Corso",1555,1556,"1555.0","1556.0",1,1,"Algiers",3,"Algeria",5,"Unknown","Unknown","No"
"Mohamed Pasha (Takarli Tchalabi)",1556,1557,"September 1556","July 1557",0.83,1,"Algiers",3,"Algeria",5,"Unknown","Unknown","No"
"Hassan-ben-Kheir-ed-Din",1557,1561,"July 1557","June 1561",4,1,"Algiers",3,"Algeria",5,"Unknown","Unknown","No"
"Hassan-Agha",1561,1561,"June 1561","November 1561",0.42,1,"Algiers",3,"Algeria",5,"Unknown","Unknown","No"
"Ahmed Pasha (surname Kapici)",1561,1562,"November 1561","August 1562",0.83,1,"Algiers",3,"Algeria",5,"Unknown","Unknown","No"
"Hassan-ben-Kheir-ed-Din",1562,1567,"August 1562","January 1567",4.33,1,"Algiers",3,"Algeria",5,"Unknown","Unknown","No"
"Mohammed-ben-Salah-reïs",1567,1568,"January 1567","June 1568",1.5,1,"Algiers",3,"Algeria",5,"Unknown","Unknown","No"
"Euldj (Killiç) Ali Pasha",1568,1569,"June 1568","1569.0",0.5,1,"Algiers",3,"Algeria",5,"Unknown","Unknown","No"
"Arab Ahmed Pasha",1569,1572,"1569.0","1572.0",3,1,"Algiers",3,"Algeria",5,"Unknown","Unknown","No"
"Ramdan Pasha",1572,1574,"1572.0","December 1574",2,1,"Algiers",3,"Algeria",5,"Unknown","Non-Turkish","No"
"Ramdan Pasha",1574,1577,"December 1574","April 1577",2.33,1,"Algiers",3,"Algeria",5,"Unknown","Non-Turkish","No"
"Euldj Hassan Veneziano",1577,1580,"April 1577","1580.0",2.67,1,"Algiers",3,"Algeria",5,"Unknown","Non-Turkish","No"
"Djaffer",1580,1582,"1580.0","1582.0",2,1,"Algiers",3,"Algeria",5,"Unknown","Non-Turkish","No"
"Ramdan Pasha",1582,1582,"1582.0","1582.0",0,1,"Algiers",3,"Algeria",5,"Unknown","Non-Turkish","No"
"Euldj Hassan Veneziano",1582,1585,"1582.0","1585.0",3,1,"Algiers",3,"Algeria",5,"Unknown","Non-Turkish","No"
"Mamet",1585,1587,"1585.0","1587.0",2,1,"Algiers",3,"Algeria",5,"Unknown","Non-Turkish","No"
"Achmed",1587,1588,"1587.0","1588.0",1,1,"Algiers",3,"Algeria",5,"Unknown","Unknown","No"
"Kheder",1588,1591,"1588.0","1591.0",3,1,"Algiers",3,"Algeria",5,"Unknown","Unknown","No"
"Chaban",1591,1594,"1591.0","1594.0",3,1,"Algiers",3,"Algeria",5,"Unknown","Unknown","No"
"Mustapha",1594,1594,"1594.0","1594.0",0,1,"Algiers",3,"Algeria",5,"Unknown","Unknown","No"
"Kheder",1594,1595,"1594.0","1595.0",1,1,"Algiers",3,"Algeria",5,"Unknown","Unknown","No"
"Mustapha",1595,1598,"1595.0","1598.0",3,1,"Algiers",3,"Algeria",5,"Unknown","Unknown","No"
"Ali Hassan",1598,1599,"1598.0","1599.0",1,1,"Algiers",3,"Algeria",5,"Unknown","Unknown","No"
"Soliman",1599,1604,"1599.0","1604.0",5,1,"Algiers",3,"Algeria",5,"Unknown","Unknown","No"
"Kheder",1604,1604,"1604.0","1604.0",0,1,"Algiers",3,"Algeria",5,"Unknown","Unknown","No"
"Koussa Mehemed",1604,1605,"1604.0","1605.0",1,1,"Algiers",3,"Algeria",5,"Unknown","Unknown","No"
"Mustapha Koussa",1605,1607,"1605.0","1607.0",2,1,"Algiers",3,"Algeria",5,"Unknown","Unknown","No"
"Redouan",1607,1610,"1607.0","1610.0",3,1,"Algiers",3,"Algeria",5,"Unknown","Unknown","No"
"Mustapha Koussa",1610,1613,"1610.0","1613.0",3,1,"Algiers",3,"Algeria",5,"Unknown","Unknown","No"
"Hossein",1613,1617,"1613.0","1617.0",4,1,"Algiers",3,"Algeria",5,"Unknown","Unknown","No"
"Mustapha Koussa",1617,1617,"1617.0","1617.0",0,1,"Algiers",3,"Algeria",5,"Unknown","Unknown","No"
"Katanyalt Soliman",1617,1617,"1617.0","1617.0",0,1,"Algiers",3,"Algeria",5,"Unknown","Unknown","No"
"Hossein",1617,1619,"1617.0","1619.0",2,1,"Algiers",3,"Algeria",5,"Unknown","Unknown","No"
"Sidi Saref",1619,1620,"1619.0","1620.0",1,1,"Algiers",3,"Algeria",5,"Unknown","Unknown","No"
"Kheder",1620,1622,"1620.0","1622.0",2,1,"Algiers",3,"Algeria",5,"Unknown","Unknown","No"
"Mustapha Koussa",1622,1622,"1622.0","1622.0",0,1,"Algiers",3,"Algeria",5,"Unknown","Unknown","No"
"Mourad",1622,1623,"1622.0","1623.0",1,1,"Algiers",3,"Algeria",5,"Unknown","Unknown","No"
"Khosreff",1623,1627,"1623.0","1627.0",4,1,"Algiers",3,"Algeria",5,"Unknown","Unknown","No"
"Hossein",1627,1631,"1627.0","1631.0",4,1,"Algiers",3,"Algeria",5,"Unknown","Unknown","No"
"Younès",1631,1632,"1631.0","1632.0",1,1,"Algiers",3,"Algeria",5,"Unknown","Unknown","No"
"Hossein",1632,1633,"1632.0","1633.0",1,1,"Algiers",3,"Algeria",5,"Unknown","Unknown","No"
"Youcef",1633,1636,"1633.0","1636.0",3,1,"Algiers",3,"Algeria",5,"Unknown","Unknown","No"
"Ali Hassan",1636,1638,"1636.0","1638.0",2,1,"Algiers",3,"Algeria",5,"Unknown","Unknown","No"
"Cheik-Hussein Ali",1638,1640,"1638.0","1640.0",2,1,"Algiers",3,"Algeria",5,"Unknown","Unknown","No"
"Djamel Yusuf",1640,1642,"1640.0","1642.0",2,1,"Algiers",3,"Algeria",5,"Unknown","Unknown","No"
"Boursali Mehmet",1642,1644,"1642.0","1644.0",2,1,"Algiers",3,"Algeria",5,"Unknown","Unknown","No"
"Ahmedi Ali",1644,1645,"1644.0","1645.0",1,1,"Algiers",3,"Algeria",5,"Unknown","Unknown","No"
"Boursali Mahmoud",1645,1647,"1645.0","1647.0",2,1,"Algiers",3,"Algeria",5,"Unknown","Unknown","No"
"Osman",1647,1651,"1647.0","1651.0",4,1,"Algiers",3,"Algeria",5,"Unknown","Unknown","No"
"Mohammed-el-Alem",1651,1652,"1651.0","1652.0",1,1,"Algiers",3,"Algeria",5,"Unknown","Unknown","No"
"Ahmed",1652,1655,"1652.0","1655.0",3,1,"Algiers",3,"Algeria",5,"Unknown","Unknown","No"
"Ibrahim",1655,1658,"1655.0","1658.0",3,1,"Algiers",3,"Algeria",5,"Unknown","Unknown","No"
"Ahmed",1658,1658,"1658.0","1658.0",0,1,"Algiers",3,"Algeria",5,"Unknown","Unknown","No"
"Ibrahim",1658,1659,"1658.0","1659.0",1,1,"Algiers",3,"Algeria",5,"Unknown","Unknown","No"
"Ali",1659,1671,"1659.0","1671.0",12,1,"Algiers",3,"Algeria",5,"Unknown","Unknown","No"
"Hadji Mohammed",1671,1681,"1671.0","1681.0",10,1,"Algiers",3,"Algeria",5,"Unknown","Unknown","No"
"Baba Hassan",1681,1683,"1681.0","1683.0",2,1,"Algiers",3,"Algeria",5,"Unknown","Unknown","No"
"Hadji Hussein (MezzoMorto)",1683,1689,"1683.0","1689.0",6,1,"Algiers",3,"Algeria",5,"Unknown","Unknown","No"
"Hadji Chaban",1689,1695,"1689.0","1695.0",6,1,"Algiers",3,"Algeria",5,"Unknown","Unknown","No"
"Hadji Ahmed",1695,1699,"1695.0","1699.0",4,1,"Algiers",3,"Algeria",5,"Unknown","Unknown","No"
"Hassen Chaouch",1699,1700,"1699.0","1700.0",1,1,"Algiers",3,"Algeria",5,"Unknown","Unknown","No"
"Baba Hadji Mustapha",1700,1705,"1700.0","1705.0",5,1,"Algiers",3,"Algeria",5,"Unknown","Unknown","No"
"Hussein Khodja",1705,1707,"1705.0","1707.0",2,1,"Algiers",3,"Algeria",5,"Unknown","Unknown","No"
"Mohammed-ben-Ali-Bektach",1707,1710,"1707.0","1710.0",3,1,"Algiers",3,"Algeria",5,"Unknown","Unknown","No"
"Dali Ibrahim",1710,1710,"1710.0","1710.0",0,1,"Algiers",3,"Algeria",5,"Unknown","Unknown","No"
"Ali-Chaouch",1710,1718,"1710.0","1718.0",8,1,"Algiers",3,"Algeria",5,"Unknown","Unknown","No"
"Mehemed-ben-Hassan Efendi",1718,1723,"1718.0","1723.0",5,1,"Algiers",3,"Algeria",5,"Unknown","Unknown","No"
"Cur-Abdi",1723,1729,"1723.0","1729.0",6,1,"Algiers",3,"Algeria",5,"Unknown","Unknown","No"
"Arslan Mehmet",1729,1731,"1729.0","1731.0",2,1,"Algiers",3,"Algeria",5,"Unknown","Unknown","No"
"Baba Ibrahim",1731,1745,"1731.0","1745.0",14,1,"Algiers",3,"Algeria",5,"Unknown","Unknown","No"
"Kouchouk Baba Ibrahim-el-Seghir",1745,1748,"1745.0","1748.0",3,1,"Algiers",3,"Algeria",5,"Unknown","Unknown","No"
"Mehemmed-el-Retorto Ibni Bekir",1748,1754,"1748.0","1754.0",6,1,"Algiers",3,"Algeria",5,"Unknown","Unknown","No"
"Baba Ali",1754,1766,"1754.0","1766.0",12,1,"Algiers",3,"Algeria",5,"Unknown","Unknown","No"
"Baba Mohammed-ben-Osman",1766,1791,"1766.0","1791.0",25,1,"Algiers",3,"Algeria",5,"Unknown","Unknown","No"
"Sidi Hassan",1791,1798,"1791.0","1798.0",7,1,"Algiers",3,"Algeria",5,"Unknown","Unknown","No"
"Baba Mustapha",1798,1805,"1798.0","1805.0",7,1,"Algiers",3,"Algeria",5,"Unknown","Unknown","No"
"Akhmed Khodja",1805,1808,"1805.0","1808.0",3,1,"Algiers",3,"Algeria",5,"Unknown","Unknown","No"
"Ali Boursali Khodja",1808,1809,"1808.0","1809.0",1,1,"Algiers",3,"Algeria",5,"Unknown","Unknown","No"
"Hadji Ali Khodja",1809,1815,"1809.0","1815.0",6,1,"Algiers",3,"Algeria",5,"Unknown","Unknown","No"
"Hadji Mohammed",1815,1815,"1815.0","1815.0",0,1,"Algiers",3,"Algeria",5,"Unknown","Unknown","No"
"Omar Agha",1815,1817,"1815.0","1817.0",2,1,"Algiers",3,"Algeria",5,"Unknown","Unknown","No"
"Hadj Hafiz Ali Khodja",1817,1818,"1817.0","1818.0",1,1,"Algiers",3,"Algeria",5,"Unknown","Unknown","No"
"Hussein",1818,1830,"1818.0","1830.0",12,1,"Algiers",3,"Algeria",5,"Willful Violent Removal","Unknown","No"
"Yunus Pasha",1516,1517,"October 15, 1516","January 22, 1517",0.2708333333,1,"Damascus",2,"Syria",6,"Willful Violent Removal","Non-Turkish","No"
"Janbirdi al-Ghazali",1519,1521,"February 1519","1521.0",2,1,"Damascus",2,"Syria",6,"Willful Violent Removal","Non-Turkish","No"
"Ayas Mehmed Pasha",1521,1522,"1521.0","1522.0",1,1,"Damascus",2,"Syria",6,"Non-violent Fate","Non-Turkish","No"
"Ferhad Pasha",1522,1523,"1522.0","1523.0",1,1,"Damascus",2,"Syria",6,"Non-violent Fate","Non-Turkish","No"
"Hurram Pasha",1523,1525,"1523.0","1525.0",2,1,"Damascus",2,"Syria",6,"Non-violent Fate","Ottoman","No"
"Sulayman Pasha al-Tawashi",1525,1526,"1525.0","1526.0",1,1,"Damascus",2,"Syria",6,"Unknown","Unknown","No"
"Lutf Pasha",1529,1530,"1529.0","1530.0",1,1,"Damascus",2,"Syria",6,"Non-violent Fate","Non-Turkish","No"
"Isa Bey Pasha Chenderli",1528,1531,"1528.0","1531.0",3,1,"Damascus",2,"Syria",6,"Non-violent Fate","Unknown","No"
"Mustafa Ablaq Pasha",1531,1534,"1531.0","1534.0",3,1,"Damascus",2,"Syria",6,"Non-violent Fate","Non-Turkish","No"
"Lutf Pasha",1534,1535,"1534.0","1535.0",1,2,"Damascus",2,"Syria",6,"Non-violent Fate","Non-Turkish","No"
"Isa Bey Pasha Chenderli",1535,1535,"1535.0","1535.0",0.5,2,"Damascus",2,"Syria",6,"Willful Violent Removal","Unknown","No"
"Muhammad Kuzal Pasha",1536,1537,"1536.0","1537.0",1,1,"Damascus",2,"Syria",6,"Unknown","Unknown","No"
"Topal Sulayman Pasha",1537,1538,"1537.0","1538.0",1,1,"Damascus",2,"Syria",6,"Non-violent Fate","Non-Turkish","No"
"Ahmed Pasha I",1538,1539,"1538.0","1539.0",1,1,"Damascus",2,"Syria",6,"Unknown","Unknown","No"
"Qese Husrau Pasha",1539,1541,"1539.0","1541.0",2,1,"Damascus",2,"Syria",6,"Unknown","Unknown","No"
"Isa Pasha",1543,1544,"1543.0","1544.0",1,3,"Damascus",2,"Syria",6,"Non-violent Fate","Unknown","No"
"Piri Pasha",1544,1545,"1544.0","1545.0",1,1,"Damascus",2,"Syria",6,"Non-violent Fate","Unknown","No"
"Hadim Sinan Pasha",1545,1550,"1545.0","1550.0",5,1,"Damascus",2,"Syria",6,"Non-violent Fate","Unknown","No"
"Piri Pasha",1550,1551,"1550.0","1551.0",1,2,"Damascus",2,"Syria",6,"Unknown","Unknown","No"
"Muhammad Pasha Bartaki",1551,1552,"1551.0","1552.0",1,1,"Damascus",2,"Syria",6,"Unknown","Unknown","No"
"Semsi Pasha",1552,1555,"1552.0","1555.0",3,1,"Damascus",2,"Syria",6,"Non-violent Fate","Non-Turkish","Yes"
"Hizr Pasha",1555,1561,"1555.0","1561.0",6,1,"Damascus",2,"Syria",6,"Non-violent Fate","Unknown","No"
"Ali Pasha Lankun",1561,1563,"1561.0","1563.0",2,1,"Damascus",2,"Syria",6,"Non-violent Fate","Unknown","No"
"Khusrau Pasha I",1563,1563,"1563.0","1563.0",0.5,1,"Damascus",2,"Syria",6,"Unknown","Unknown","No"
"Lala Mustafa Pasha",1563,1569,"1563.0","1569.0",6,1,"Damascus",2,"Syria",6,"Non-violent Fate","Unknown","Yes"
"Murad Pasha Shaitan",1569,1570,"1569.0","1570.0",1,1,"Damascus",2,"Syria",6,"Non-violent Fate","Ottoman","No"
"Ali Pasha Lankun",1570,1571,"1570.0","1571.0",1,2,"Damascus",2,"Syria",6,"Non-violent Fate","Unknown","No"
"Haji Ahmed Pasha",1571,1572,"1571.0","1572.0",1,1,"Damascus",2,"Syria",6,"Non-violent Fate","Turkish","No"
"Lala Jafar Pasha",1574,1575,"1574.0","1575.0",1,1,"Damascus",2,"Syria",6,"Unknown","Unknown","No"
"Sokulluzade Hasan Pasha",1577,1581,"1577.0","1581.0",4,1,"Damascus",2,"Syria",6,"Non-violent Fate","Ottoman","No"
"Bahram Pasha",1581,1582,"1581.0","1582.0",1,1,"Damascus",2,"Syria",6,"Non-violent Fate","Non-Turkish","No"
"Hüseyin Pasha Boljanic",1582,1583,"1582.0","1583.0",1,1,"Damascus",2,"Syria",6,"Non-violent Fate","Ottoman","No"
"Sokulluzade Hasan Pasha",1583,1583,"1583.0","1583.0",0.5,2,"Damascus",2,"Syria",6,"Non-violent Fate","Ottoman","No"
"Qubad Sulayman Pasha",1584,1585,"1584.0","1585.0",1,1,"Damascus",2,"Syria",6,"Non-violent Fate","Unknown","No"
"Koca Sinan Pasha",1586,1586,"1586.0","1586.0",0.5,1,"Damascus",2,"Syria",6,"Non-violent Fate","Non-Turkish","No"
"Üveys Pasha",1586,1587,"1586.0","1587.0",0.5,1,"Damascus",2,"Syria",6,"Unknown","Unknown","No"
"Muhammad Pasha Farhad",1587,1588,"1587.0","1588.0",1,1,"Damascus",2,"Syria",6,"Unknown","Unknown","No"
"Üveys Pasha",1588,1589,"1588.0","1589.0",1,2,"Damascus",2,"Syria",6,"Unknown","Unknown","No"
"Elwanzade Ali Pasha",1589,1590,"1589.0","1590.0",1,1,"Damascus",2,"Syria",6,"Unknown","Unknown","No"
"Koca Sinan Pasha",1590,1590,"1590.0","1590.0",0.5,2,"Damascus",2,"Syria",6,"Non-violent Fate","Non-Turkish","No"
"Sokulluzade Hasan Pasha",1590,1590,"1590.0","1590.0",0.5,3,"Damascus",2,"Syria",6,"Unknown","Ottoman","No"
"Mustafa Pasha I",1591,1592,"1591.0","1592.0",1,1,"Damascus",2,"Syria",6,"Unknown","Ottoman","No"
"Khalil Pasha",1592,1592,"1592.0","1592.0",0.5,1,"Damascus",2,"Syria",6,"Unknown","Unknown","No"
"Qachirji Mohammad Pasha",1593,1594,"1593.0","1594.0",1,1,"Damascus",2,"Syria",6,"Unknown","Unknown","No"
"Sokulluzade Hasan Pasha",1594,1594,"1594.0","1594.0",0.5,4,"Damascus",2,"Syria",6,"Unknown","Ottoman","No"
"Murad Pasha",1594,1595,"1594.0","1595.0",1,1,"Damascus",2,"Syria",6,"Non-violent Fate","Non-Turkish","No"
"Khusrau Pasha II",1595,1596,"1595.0","1596.0",1,1,"Damascus",2,"Syria",6,"Unknown","Unknown","No"
"Razia Hutunzade Mustafa Pasha",1596,1597,"1596.0","1597.0",1,1,"Damascus",2,"Syria",6,"Non-violent Fate","Non-Turkish","No"
"Yusuf Sinan Pasha",1597,1698,"December 1597","January 1598",0.17,1,"Damascus",2,"Syria",6,"Non-violent Fate","Unknown","No"
"Ahmed Pasha II",1598,1598,"1598.0","1598.0",0.5,1,"Damascus",2,"Syria",6,"Unknown","Unknown","No"
"Ahmed Pasha III",1598,1598,"1598.0","1598.0",0.5,1,"Damascus",2,"Syria",6,"Non-violent Fate","Unknown","No"
"Khusrau Pasha II",1599,1599,"1599.0","1599.0",0.5,2,"Damascus",2,"Syria",6,"Unknown","Unknown","No"
"Emir Mehmed Pasha",1599,1600,"1599.0","1600.0",1,1,"Damascus",2,"Syria",6,"Non-violent Fate","Ottoman","No"
"Osman Pasha",1600,1601,"1600.0","1601.0",1,1,"Damascus",2,"Syria",6,"Unknown","Unknown","No"
"Farhad Pasha Bustanji",1603,1604,"1603.0","1604.0",1,1,"Damascus",2,"Syria",6,"Non-violent Fate","Ottoman","No"
"Mustafa Pasha II",1604,1605,"1604.0","1605.0",1,1,"Damascus",2,"Syria",6,"Non-violent Fate","Ottoman","No"
"Mahmud Pasha",1607,1608,"1607.0","1608.0",1,1,"Damascus",2,"Syria",6,"Unknown","Unknown","No"
"Sufi Sinan Pasha",1608,1609,"1608.0","1609.0",1,1,"Damascus",2,"Syria",6,"Non-violent Fate","Unknown","No"
"Ahmad al-Hafiz",1609,1615,"1609.0","1615.0",6,1,"Damascus",2,"Syria",6,"Non-violent Fate","Unknown","No"
"Silihdar Mehmed Pasha",1618,1619,"1618.0","1619.0",1,1,"Damascus",2,"Syria",6,"Non-violent Fate","Non-Turkish","No"
"Ahmad al-Hafiz",1619,1619,"1619.0","1619.0",0.5,2,"Damascus",2,"Syria",6,"Non-violent Fate","Ottoman","No"
"Mustafa Pasha III",1619,1620,"1619.0","1620.0",1,1,"Damascus",2,"Syria",6,"Non-violent Fate","Ottoman","No"
"Sulayman Pasha I",1620,1621,"1620.0","1621.0",1,1,"Damascus",2,"Syria",6,"Non-violent Fate","Unknown","No"
"Murtaza Pasha Bustanji",1621,1622,"1621.0","1622.0",1,1,"Damascus",2,"Syria",6,"Non-violent Fate","Ottoman","No"
"Mehmed Pasha Rushand",1622,1623,"1622.0","1623.0",1,1,"Damascus",2,"Syria",6,"Unknown","Unknown","No"
"Mustafa Pasha al-Hannaq",1622,1624,"1622.0","1624.0",2,1,"Damascus",2,"Syria",6,"Non-violent Fate","Ottoman","No"
"Nigdeli Mustafa Pasha",1624,1625,"1624.0","1625.0",1,1,"Damascus",2,"Syria",6,"Unknown","Unknown","No"
"Mehmed Pasa (Gürcü)",1625,1626,"1625.0","1626.0",1,1,"Damascus",2,"Syria",6,"Non-violent Fate","Unknown","No"
"Tayar Oglu Mehmed Pasha",1626,1628,"1626.0","1628.0",2,1,"Damascus",2,"Syria",6,"Unknown","Unknown","No"
"Küçük Ahmed Pasha",1628,1629,"1628.0","1629.0",1,1,"Damascus",2,"Syria",6,"Non-violent Fate","Non-Turkish","No"
"Mustafa Pasha IV",1629,1631,"1629.0","1631.0",2,1,"Damascus",2,"Syria",6,"Non-violent Fate","Ottoman","No"
"Nawaya Mehmed Pasha",1630,1631,"1630.0","1631.0",1,1,"Damascus",2,"Syria",6,"Unknown","Unknown","No"
"Ilyas Pasha",1632,1633,"1632.0","1633.0",1,1,"Damascus",2,"Syria",6,"Unknown","Unknown","No"
"Deli Yusuf Pasha",1633,1634,"1633.0","1634.0",0.5,1,"Damascus",2,"Syria",6,"Willful Violent Removal","Non-Turkish","No"
"Küçük Ahmed Pasha",1635,1636,"1635.0","1636.0",1,1,"Damascus",2,"Syria",6,"Non-violent Fate","Non-Turkish","No"
"Dervish Mehmed Pasha",1636,1638,"1636.0","1638.0",2,1,"Damascus",2,"Syria",6,"Non-violent Fate","Non-Turkish","No"
"Mustafa Pasa",1638,1639,"1638.0","1639.0",1,1,"Damascus",2,"Syria",6,"Non-violent Fate","Non-Turkish","No"
"Chifteli Othman Pasha",1639,1640,"1639.0","1640.0",1,1,"Damascus",2,"Syria",6,"Non-violent Fate","Turkish","No"
"Mehmed Pasha I",1640,1641,"1640.0","1641.0",1,1,"Damascus",2,"Syria",6,"Unknown","Unknown","No"
"Serji Ahmed Pasha",1642,1642,"1642.0","1642.0",0.5,1,"Damascus",2,"Syria",6,"Non-violent Fate","Unknown","No"
"Melik Ahmed Pasha",1642,1643,"1642.0","1643.0",1,1,"Damascus",2,"Syria",6,"Non-violent Fate","Unknown","No"
"Sultanzade Mehmed Pasha",1643,1643,"1643.0","1643.0",0.5,1,"Damascus",2,"Syria",6,"Non-violent Fate","Ottoman","No"
"Silihdar Yusuf Pasha",1643,1644,"1643.0","1644.0",1,1,"Damascus",2,"Syria",6,"Unknown","Non-Turkish","Yes"
"Mehmed Pasa (Gürcü)",1644,1645,"1644.0","1645.0",1,2,"Damascus",2,"Syria",6,"Non-violent Fate","Unknown","No"
"Ibrahim Pasha I",1645,1645,"1645.0","1645.0",0.5,1,"Damascus",2,"Syria",6,"Non-violent Fate","Ottoman","No"
"Mehmed Pasha Salami",1645,1645,"1645.0","1645.0",0.008,1,"Damascus",2,"Syria",6,"Non-violent Fate","Unknown","No"
"Mehmed Pasa (Gürcü)",1645,1646,"1645.0","1646.0",1,3,"Damascus",2,"Syria",6,"Non-violent Fate","Unknown","No"
"Silahdar Yusuf Pasha",1646,1647,"1646.0","1647.0",1,2,"Damascus",2,"Syria",6,"Willful Violent Removal","Non-Turkish","Yes"
"Sufi Murteza Pasha",1647,1647,"1647.0","1647.0",0.5,1,"Damascus",2,"Syria",6,"Unknown","Unknown","No"
"Sofu Mehmed Pasha",1648,1648,"1648.0","1648.0",0.5,1,"Damascus",2,"Syria",6,"Non-violent Fate","Ottoman","No"
"Ibsir Mustafa Pasha",1649,1649,"1649.0","1649.0",0.5,1,"Damascus",2,"Syria",6,"Non-violent Fate","Non-Turkish","Yes"
"Mehmed Pasa (Ak)",1650,1650,"1650.0","May 1650",0.42,1,"Damascus",2,"Syria",6,"Non-violent Fate","Unknown","No"
"Silahdar Murtaza Pasha",1650,1650,"1650.0","1650.0",0.5,1,"Damascus",2,"Syria",6,"Unknown","Unknown","No"
"Sivasli Mustafa Pasha",1650,1650,"1650.0","1650.0",0.5,1,"Damascus",2,"Syria",6,"Unknown","Unknown","No"
"Haseki Mehmed Pasha",1650,1652,"July 1650","1652.0",1.5,1,"Damascus",2,"Syria",6,"Non-violent Fate","Ottoman","No"
"Defterzade Mehmed Pasha",1652,1655,"1652.0","1655.0",3,1,"Damascus",2,"Syria",6,"Non-violent Fate","Ottoman","No"
"Kara Murat Pasha",1655,1655,"1655.0","1655.0",0.5,1,"Damascus",2,"Syria",6,"Non-violent Fate","Non-Turkish","No"
"Haseki Mehmed Pasha",1656,1656,"June 1656","September 1656",0.33,2,"Damascus",2,"Syria",6,"Non-violent Fate","Unknown","No"
"Köprülü Fazil Ahmed Pasha",1660,1661,"1660.0","1661.0",1,1,"Damascus",2,"Syria",6,"Non-violent Fate","Non-Turkish","No"
"Sulayman Pasha II",1662,1662,"January 1662","February 1662",0.08,1,"Damascus",2,"Syria",6,"Non-violent Fate","Ottoman","No"
"Ribleli Mustafa Pasha",1662,1663,"1662.0","1663.0",1,1,"Damascus",2,"Syria",6,"Non-violent Fate","Ottoman","No"
"Salih Pasha I",1664,1665,"1664.0","1665.0",1,1,"Damascus",2,"Syria",6,"Non-violent Fate","Non-Turkish","No"
"Qara Mustafa Pasha",1665,1666,"1665.0","1666.0",1,2,"Damascus",2,"Syria",6,"Non-violent Fate","Ottoman","No"
"Mehmed Pasha Chewish Oglu",1666,1667,"1666.0","1667.0",1,1,"Damascus",2,"Syria",6,"Non-violent Fate","Ottoman","No"
"Ibrahim Pasha Shaytan",1668,1671,"1668.0","1671.0",4,1,"Damascus",2,"Syria",6,"Non-violent Fate","Ottoman","No"
"Abazekh Husein Pasha",1671,1672,"1671.0","1672.0",1,1,"Damascus",2,"Syria",6,"Non-violent Fate","Ottoman","No"
"Qara Mehmed Pasha",1672,1673,"1672.0","1673.0",1,1,"Damascus",2,"Syria",6,"Unknown","Unknown","No"
"Qer Husein Pasha",1674,1675,"1674.0","1675.0",1,1,"Damascus",2,"Syria",6,"Unknown","Unknown","No"
"Ibrahim Pasha II",1675,1675,"1675.0","1675.0",1,1,"Damascus",2,"Syria",6,"Unknown","Unknown","No"
"Ibrahim Pasha Shaytan",1675,1676,"1675.0","1676.0",1,2,"Damascus",2,"Syria",6,"Non-violent Fate","Ottoman","No"
"Bosniak Osman Pasha",1676,1678,"1676.0","1678.0",2,1,"Damascus",2,"Syria",6,"Non-violent Fate","Ottoman","Yes"
"Abazekh Husein Pasha",1679,1683,"1679.0","1683.0",4,2,"Damascus",2,"Syria",6,"Non-violent Fate","Ottoman","No"
"Ibrahim Pasha III",1684,1684,"1684.0","December 1684",0.5,1,"Damascus",2,"Syria",6,"Non-violent Fate","Ottoman","No"
"Bosniak Osman Pasha",1684,1685,"1684.0","1685.0",1,2,"Damascus",2,"Syria",6,"Killed in Battle","Ottoman","Yes"
"Kaplan Pasha",1686,1686,"1686.0","1686.0",0.5,1,"Damascus",2,"Syria",6,"Unknown","Unknown","No"
"Arap Salih Pasha",1686,1688,"1686.0","1688.0",2,1,"Damascus",2,"Syria",6,"Non-violent Fate","Unknown","No"
"Hamza Pasha",1688,1690,"1688.0","1690.0",2,1,"Damascus",2,"Syria",6,"Non-violent Fate","Ottoman","No"
"Bozoklu Mustafa Pasha",1690,1690,"1690.0","1690.0",0.5,1,"Damascus",2,"Syria",6,"Non-violent Fate","Ottoman","No"
"Murtaza Pasha",1690,1691,"1690.0","1691.0",1,1,"Damascus",2,"Syria",6,"Unknown","Unknown","No"
"Gurju Mehmed Pasha III",1692,1692,"1692.0","1692.0",0.5,1,"Damascus",2,"Syria",6,"Non-violent Fate","Non-Turkish","No"
"Çelebi Ismail Pasha",1692,1693,"1692.0","1693.0",1,1,"Damascus",2,"Syria",6,"Non-violent Fate","Ottoman","No"
"Ibshir Mustafa Pasha",1693,1694,"1693.0","1694.0",1,1,"Damascus",2,"Syria",6,"Unknown","Unknown","No"
"Silihdar Osman Pasha",1695,1695,"March 1695","April 1695",0.08,1,"Damascus",2,"Syria",6,"Non-violent Fate","Ottoman","No"
"Silihdar Hasan Pasha",1695,1701,"1695.0","1701.0",6,1,"Damascus",2,"Syria",6,"Non-violent Fate","Ottoman","No"
"Arslan Mehmed Pasha Matracyoghlu",1701,1701,"1701.0","1701.0",0.5,1,"Damascus",2,"Syria",6,"Non-violent Fate","Ottoman","No"
"Salih Agha",1702,1702,"1702.0","1702.0",0.5,1,"Damascus",2,"Syria",6,"Unknown","Unknown","No"
"Mehmed Pasha Kurd-Bayram",1702,1703,"1702.0","1703.0",1,1,"Damascus",2,"Syria",6,"Non-violent Fate","Ottoman","No"
"Osman Pasha Arnavud",1703,1703,"October 1703","December 1703",0.17,1,"Damascus",2,"Syria",6,"Non-violent Fate","Non-Turkish","No"
"Arslan Mehmed Pasha Matracyoghlu",1703,1704,"1703.0","1704.0",1,2,"Damascus",2,"Syria",6,"Non-violent Fate","Ottoman","No"
"Defterdar Mustafa Pasha",1704,1704,"1704.0","1704.0",0.5,1,"Damascus",2,"Syria",6,"Unknown","Unknown","No"
"Firari Hüseyin Pasha",1704,1705,"1704.0","1705.0",1,1,"Damascus",2,"Syria",6,"Non-violent Fate","Non-Turkish","No"
"Mehmed Pasha Kurd-Bayram",1705,1706,"1705.0","1706.0",1,2,"Damascus",2,"Syria",6,"Unknown","Unknown","No"
"Baltaci Süleyman Pasha",1706,1707,"1706.0","August 1707",1.67,1,"Damascus",2,"Syria",6,"Non-violent Fate","Unknown","No"
"Yusuf Pasha Qapudan",1707,1708,"1707.0","June 1708",1.5,1,"Damascus",2,"Syria",6,"Non-violent Fate","Unknown","No"
"Nasuh Pasha al-Aydini",1708,1714,"August 1708","1714.0",6,1,"Damascus",2,"Syria",6,"Willful Violent Removal","Unknown","No"
"Tubal Yusuf Pasha",1714,1716,"1714.0","1716.0",2,1,"Damascus",2,"Syria",6,"Unknown","Unknown","No"
"Ibrahim Pasha Qapudan",1716,1716,"1716.0","1716.0",1,1,"Damascus",2,"Syria",6,"Non-violent Fate","Ottoman","No"
"Recep Pasha",1716,1717,"1716.0","1717.0",1,1,"Damascus",2,"Syria",6,"Non-violent Fate","Non-Turkish","No"
"Nevsehirli Damat Ibrahim Pasha",1717,1717,"1717.0","1717.0",0.5,1,"Damascus",2,"Syria",6,"Non-violent Fate","Ottoman","No"
"Abdullah Pasha Köprülü",1717,1718,"1717.0","1718.0",1,1,"Damascus",2,"Syria",6,"Non-violent Fate","Non-Turkish","No"
"Rajab Pasha",1718,1719,"1718.0","1719.0",1,2,"Damascus",2,"Syria",6,"Non-violent Fate","Non-Turkish","No"
"Uthman Pasha Abu Tawq",1719,1721,"1719.0","1721.0",2,1,"Damascus",2,"Syria",6,"Non-violent Fate","Ottoman","No"
"Ali Pasha Maqtul",1722,1722,"1722.0","1722.0",0.5,1,"Damascus",2,"Syria",6,"Non-violent Fate","Ottoman","No"
"Uthman Pasha Abu Tawq",1723,1725,"1723.0","1725.0",2,2,"Damascus",2,"Syria",6,"Non-violent Fate","Ottoman","No"
"Ismail Pasha al-Azm",1725,1730,"1725.0","December 1730",5,1,"Damascus",2,"Syria",6,"Non-violent Fate","Turkish","No"
"Abdullah Pasha al-Aydinli",1730,1733,"1730.0","1733.0",3,1,"Damascus",2,"Syria",6,"Non-violent Fate","Ottoman","No"
"Sulayman Pasha al-Azm",1734,1738,"1734.0","1738.0",4,1,"Damascus",2,"Syria",6,"Non-violent Fate","Turkish","No"
"Husayn Pasha al-Bustanji",1738,1738,"1738.0","1738.0",0.5,1,"Damascus",2,"Syria",6,"Willful Violent Removal","Unknown","No"
"Uthman Pasha al-Muhassil",1739,1740,"1739.0","1740.0",1,1,"Damascus",2,"Syria",6,"Non-violent Fate","Ottoman","No"
"Ali Pasha Abu Qili",1740,1741,"September 1740","1741.0",1,1,"Damascus",2,"Syria",6,"Non-violent Fate","Unknown","No"
"Sulayman Pasha al-Azm",1741,1743,"1741.0","1743.0",2,2,"Damascus",2,"Syria",6,"Non-violent Fate","Turkish","No"
"As'ad Pasha al-Azm",1743,1757,"1743.0","1757.0",14,1,"Damascus",2,"Syria",6,"Willful Violent Removal","Turkish","No"
"Husayn Pasha ibn Makki",1557,1757,"February 1557","December 1757",0.75,1,"Damascus",2,"Syria",6,"Non-violent Fate","Non-Turkish","No"
"Abdullah Pasha al-Jatahji",1758,1760,"January 1758","January 1760",2,1,"Damascus",2,"Syria",6,"Non-violent Fate","Ottoman","No"
"Muhammad Pasha al-Shalik",1760,1760,"1760.0","1760.0",0.5,1,"Damascus",2,"Syria",6,"Non-violent Fate","Ottoman","No"
"Uthman Pasha al-Kurji",1760,1771,"1760.0","October 1771",10.83,1,"Damascus",2,"Syria",6,"Non-violent Fate","Non-Turkish","No"
"Muhammad Pasha al-Azm",1771,1772,"1771.0","1772.0",1,1,"Damascus",2,"Syria",6,"Non-violent Fate","Ottoman","No"
"Hafiz Mustafa Pasha Bustanji",1772,1773,"1772.0","1773.0",1,1,"Damascus",2,"Syria",6,"Non-violent Fate","Ottoman","No"
"Mehmed Pasha al-Kurji",1773,1773,"August 1773","September 1773",0.08,1,"Damascus",2,"Syria",6,"Non-violent Fate","Ottoman","No"
"Darwish Pasha al-Kurji",1783,1784,"June 1783","1784.0",1.58,1,"Damascus",2,"Syria",6,"Non-violent Fate","Non-Turkish","No"
"Ahmad Pasha al-Jazzar",1785,1786,"March 1785","1786.0",2,1,"Damascus",2,"Syria",6,"Non-violent Fate","Non-Turkish","No"
"Husayn Pasha Battal",1786,1787,"1786.0","1787.0",1,1,"Damascus",2,"Syria",6,"Non-violent Fate","Ottoman","No"
"Abdi Pasha",1787,1788,"1787.0","1788.0",1,1,"Damascus",2,"Syria",6,"Non-violent Fate","Ottoman","No"
"Ibrahim Pasha al-Halabi",1788,1790,"1788.0","1790.0",1,2,"Damascus",2,"Syria",6,"Unknown","Ottoman","No"
"Ahmad Pasha al-Jazzar",1790,1795,"1790.0","1795.0",5,2,"Damascus",2,"Syria",6,"Non-violent Fate","Non-Turkish","No"
"Abdullah Pasha al-Azm",1795,1798,"1795.0","1798.0",3,1,"Damascus",2,"Syria",6,"Willful Violent Removal","Ottoman","No"
"Ahmad Pasha al-Jazzar",1798,1799,"1798.0","1799.0",1,3,"Damascus",2,"Syria",6,"Non-violent Fate","Non-Turkish","No"
"Abdullah Pasha al-Azm",1799,1803,"1799.0","1803.0",4,2,"Damascus",2,"Syria",6,"Non-violent Fate","Ottoman","No"
"Ahmad Pasha al-Jazzar",1803,1804,"1803.0","April 1804",1.33,4,"Damascus",2,"Syria",6,"Non-violent Fate","Non-Turkish","No"
"Abdullah Pasha al-Azm",1805,1807,"1805.0","1807.0",3,3,"Damascus",2,"Syria",6,"Non-violent Fate","Ottoman","No"
"Kunj Yusuf Pasha",1807,1810,"1807.0","1810.0",3,1,"Damascus",2,"Syria",6,"Non-violent Fate","Non-Turkish","No"
"Sulayman Pasha al-Adil",1810,1812,"1810.0","1812.0",2,1,"Damascus",2,"Syria",6,"Non-violent Fate","Non-Turkish","No"
"Silahdar Süleyman Pasha",1812,1816,"February 1812","May 1816",4.33,1,"Damascus",2,"Syria",6,"Non-violent Fate","Ottoman","No"
"Sulayman Pasha al-Adil",1816,1816,"1816.0","1816.0",0.5,2,"Damascus",2,"Syria",6,"Non-violent Fate","Non-Turkish","No"
"Hafiz Amasyali Ali Pasha",1816,1817,"May 1816","February 1817",0.83,1,"Damascus",2,"Syria",6,"Non-violent Fate","Turkish","No"
"Salih Pasha",1817,1817,"February 1817","March 1817",0.08,1,"Damascus",2,"Syria",6,"Non-violent Fate","Turkish","No"
"Izmirli Süleyman Pasha",1817,1819,"1817.0","1819.0",2,2,"Damascus",2,"Syria",6,"Non-violent Fate","Unknown","No"
"Dervish Mehmed Pasha",1918,1822,"6937.0","1822.0",2,1,"Damascus",2,"Syria",6,"Non-violent Fate","Ottoman","No"
"Beylanli Mustafa Pasha",1823,1823,"March 1823","April 1823",0.08,1,"Damascus",2,"Syria",6,"Non-violent Fate","Turkish","No"
"Salih Pasha",1823,1824,"April 1823","January 1824",0.75,1,"Damascus",2,"Syria",6,"Non-violent Fate","Ottoman","No"
"Muftizade Ahmed Pasha",1824,1824,"January 1824","May 1824",0.42,1,"Damascus",2,"Syria",6,"Non-violent Fate","Ottoman","No"
"Haci Veliyeddin Pasha",1825,1826,"1825.0","1826.0",1,1,"Damascus",2,"Syria",6,"Non-violent Fate","Unknown","No"
"Hakki Ismail Pasha",1826,1827,"October 1826","1827.0",0.17,1,"Damascus",2,"Syria",6,"Non-violent Fate","Unknown","No"
"Izmirli Haci Salih Pasha",1827,1828,"1827.0","1828.0",1,2,"Damascus",2,"Syria",6,"Non-violent Fate","Turkish","No"
"Mehmed Emin Rauf Pasha",1828,1831,"October 1828","July 1831",2.58,1,"Damascus",2,"Syria",6,"Non-violent Fate","Ottoman","No"
"Mehmed Selim Pasha",1831,1831,"1831.0","1831.0",0.5,1,"Damascus",2,"Syria",6,"Non-violent Fate","Ottoman","No"
"Ahmed Bey",1831,1832,"November 1831","June 1832",0.66,1,"Damascus",2,"Syria",6,"Non-violent Fate","Unknown","No"
"Ibrahim Pasha",1832,1832,"May 27, 1832","1832.0",0.5,1,"Damascus",2,"Syria",6,"Willful Violent Removal","Ottoman","No"
"Muhammad Sharif Pasha",1832,1840,"November 1832","1840.0",7.16,1,"Damascus",2,"Syria",6,"Unknown","Non-Turkish","Yes"
"vacant",NA,NA,NA,NA,NA,NA,"Damascus",2,"Syria",6,"Unknown","Unknown","No"
"Izzet Mehmed Pasha",1840,1841,"September 1840","1841.0",1,2,"Damascus",2,"Syria",6,"Non-violent Fate","Ottoman","No"
"Mehmed Reshid Pasha",1841,1844,"1841.0","1844.0",3,1,"Damascus",2,"Syria",6,"Non-violent Fate","Ottoman","No"
"Mehmed Namik Pasha",1845,1845,"1845.0","1845.0",0.5,1,"Damascus",2,"Syria",6,"Non-violent Fate","Ottoman","No"
"Riza Pasha",1841,1846,"1841.0","1846.0",5,1,"Damascus",2,"Syria",6,"Unknown","Unknown","No"
"Musa Sefveti Pasha",1846,1848,"1846.0","1848.0",2,1,"Damascus",2,"Syria",6,"Unknown","Unknown","No"
"Mehmed Namik Pasha",1848,1849,"1848.0","1849.0",1,2,"Damascus",2,"Syria",6,"Non-violent Fate","Ottoman","No"
"Osman Pasha Said Pasha",1849,1850,"September 1849","August 1850",0.92,1,"Damascus",2,"Syria",6,"Non-violent Fate","Ottoman","No"
"Izzet Mehmed Pasha",1850,1852,"1850.0","1852.0",2,1,"Damascus",2,"Syria",6,"Unknown","Unknown","No"
"Açaf Pasha",1852,1854,"1852.0","1854.0",2,1,"Damascus",2,"Syria",6,"Unknown","Unknown","No"
"Arif Mehmed Pasha",1854,1855,"1854.0","1855.0",1,1,"Damascus",2,"Syria",6,"Unknown","Unknown","No"
"Mehmed Namik Pasha",1855,1855,"1855.0","1855.0",0.5,3,"Damascus",2,"Syria",6,"Non-violent Fate","Ottoman","No"
"Mahmud Nedim Pasha",1855,1856,"December 1855","September 1856",0.83,1,"Damascus",2,"Syria",6,"Non-violent Fate","Non-Turkish","No"
"Izzet Ahmed Pasha",1856,1857,"1856.0","1857.0",1,1,"Damascus",2,"Syria",6,"Non-violent Fate","Ottoman","Yes"
"Ali Pasha II",1857,1859,"December 1857","January 1859",1.08,1,"Damascus",2,"Syria",6,"Non-violent Fate","Turkish","No"
"Mu'amer Pasha",1860,1860,"July 1860","November 1860",0.42,1,"Damascus",2,"Syria",6,"Non-violent Fate","Unknown","No"
"Mehmed Fuad Pasha",1860,1860,"1860.0","1860.0",0.5,1,"Damascus",2,"Syria",6,"Non-violent Fate","Ottoman","No"
"Ahmed Pasha IV",1860,1860,"March 1860","June 1860",0.333,1,"Damascus",2,"Syria",6,"Non-violent Fate","Unknown","No"
"Emin Muhlis Pasha",1860,1862,"August 1860","February 1862",1.5,1,"Damascus",2,"Syria",6,"Non-violent Fate","Ottoman","No"
"Mehmed Reshid Pasha",1862,1864,"1862.0","1864.0",2,1,"Damascus",2,"Syria",6,"Non-violent Fate","Ottoman","No"
"Müterçim Mehmed Rüstü Pasha",1864,1865,"1864.0","1865.0",1,1,"Damascus",2,"Syria",6,"Non-violent Fate","Ottoman","No"
"Muhlis Es'ad Pasa",1865,1866,"10 October 1865","June/Jul 1866",1,1,"Damascus",2,"Syria",6,"Non-violent Fate","Non-Turkish","No"
"Reshid Pasha",1866,1871,"August 1866","September 1871",5,2,"Damascus",2,"Syria",6,"Non-violent Fate","Non-Turkish","No"
"Subhi Pasha",1871,1873,"1871.0","1873.0",2,1,"Damascus",2,"Syria",6,"Non-violent Fate","Unknown","No"
"Sherif Mehmed Re'uf Pasha",1873,1874,"1873.0","1874.0",1,1,"Damascus",2,"Syria",6,"Unknown","Unknown","No"
"Esad Pasha",1874,1875,"1874.0","1875.0",1,1,"Damascus",2,"Syria",6,"Unknown","Ottoman","No"
"Ahmed Hamdi Pasha",1875,1876,"1875.0","8 May 1876",1,1,"Damascus",2,"Syria",6,"Non-violent Fate","Ottoman","No"
"Ahmed Pasha V",1876,1877,"May 1876","1877.0",1,1,"Damascus",2,"Syria",6,"Non-violent Fate","Turkish","No"
"Küçük Ömer Fevzi Pasha",1877,1878,"15 March 1877","1878.0",1,1,"Damascus",2,"Syria",6,"Non-violent Fate","Unknown","No"
"Ali Haydar Midhat Pasha",1878,1881,"22 November 1878","31 August 1881",3,1,"Damascus",2,"Syria",6,"Non-violent Fate","Unknown","No"
"Hamdi Pasha",1880,1885,"1880.0","1885.0",5,2,"Damascus",2,"Syria",6,"Non-violent Fate","Ottoman","No"
"Rashid Nashid Pasha",1885,1888,"1885.0","1888.0",3,2,"Damascus",2,"Syria",6,"Non-violent Fate","Unknown","No"
"Manastirli Mehmed Nazif Pasha",1888,1889,"1888.0","1889.0",1,1,"Damascus",2,"Syria",6,"Non-violent Fate","Unknown","No"
"Mustafa Asim Pasha",1889,1891,"1889.0","1891.0",2,1,"Damascus",2,"Syria",6,"Non-violent Fate","Unknown","No"
"Osman Nuri Pasa",1891,1892,"1891.0","1892.0",1,1,"Damascus",2,"Syria",6,"Non-violent Fate","Unknown","No"
"Sherif Mehmed Rauf Pasha",1892,1894,"1892.0","1894.0",2,2,"Damascus",2,"Syria",6,"Unknown","Unknown","No"
"Osman Nuri Pasa",1894,1896,"1894.0","1896.0",2,2,"Damascus",2,"Syria",6,"Non-violent Fate","Unknown","No"
"Hasan Pasha II",1896,1897,"20 July 1896","26 July 1897",1,1,"Damascus",2,"Syria",6,"Non-violent Fate","Unknown","No"
"Nazim Pasha",1897,1906,"1897.0","1906.0",9,1,"Damascus",2,"Syria",6,"Non-violent Fate","Non-Turkish","No"
"Shukri Pasha",1906,1908,"2261.0","3288.0",2.67,1,"Damascus",2,"Syria",6,"Non-violent Fate","Non-Turkish","No"
"Ismail Fazil Bey",1909,1911,"1909.0","1911.0",2,1,"Damascus",2,"Syria",6,"Non-violent Fate","Turkish","No"
"Ismail Ghalib Bey",1911,1912,"1911.0","1912.0",1,1,"Damascus",2,"Syria",6,"Unknown","Unknown","No"
"Kiazim Pasha",1912,1913,"1912.0","1913.0",1,1,"Damascus",2,"Syria",6,"Non-violent Fate","Turkish","No"
"Arif Bey",1913,1913,"1913.0","1913.0",0.5,1,"Damascus",2,"Syria",6,"Unknown","Unknown","No"
"Mehmed Arif Bey Mardin",1914,1914,"1914.0","1914.0",0.5,1,"Damascus",2,"Syria",6,"Non-violent Fate","Turkish","No"
"Jamal Pasha",1915,1915,"1915.0","1915.0",0.5,1,"Damascus",2,"Syria",6,"Non-violent Fate","Ottoman","No"
"Azmi Pasha",1915,1916,"1915.0","1916.0",1,1,"Damascus",2,"Syria",6,"Unknown","Unknown","No"
"Tahsin Bey",1916,1918,"6067.0","1918.0",2,1,"Damascus",2,"Syria",6,"Non-violent Fate","Non-Turkish","No"
"Mehmed Gabriel Pasha",1918,1918,"1918.0","1918.0",0.5,1,"Damascus",2,"Syria",6,"Unknown","Unknown","No"
"Shukri Pasha",1918,1918,"6849.0","6850.0",0.003,2,"Damascus",2,"Syria",6,"Unknown","Non-Turkish","No"
